Thu, 09 April 2015 19:02:27  | 46.13.22.73 | CZ
Thu, 09 April 2015 15:32:29  | 82.117.159.151 | CZ
Thu, 09 April 2015 13:14:51  | 77.242.90.140 | CZ
Thu, 09 April 2015 13:14:51  | 77.242.90.140 | CZ
Thu, 09 April 2015 17:54:33  | 188.120.212.25 | CZ
Thu, 09 April 2015 19:12:06  | 188.120.212.25 | CZ
Thu, 09 April 2015 19:12:06  | 188.120.212.25 | CZ
Fri, 10 April 2015 21:12:59  | 188.120.212.25 | CZ
Fri, 10 April 2015 20:20:37  | 188.92.13.182 | CZ
Fri, 10 April 2015 20:20:21  | 188.92.13.182 | CZ
Fri, 10 April 2015 18:23:52  | 77.237.158.97 | CZ
Fri, 10 April 2015 18:46:43  | 94.113.165.70 | CZ
Fri, 10 April 2015 18:29:15  | 77.237.158.97 | CZ
Fri, 10 April 2015 18:29:15  | 77.237.158.97 | CZ
Fri, 10 April 2015 17:06:21  | 188.120.212.25 | CZ
Fri, 10 April 2015 18:48:07  | 94.113.165.70 | CZ
Fri, 10 April 2015 18:48:07  | 94.113.165.70 | CZ
Sat, 11 April 2015 17:43:44  | 109.105.49.28 | CZ
Sat, 11 April 2015 20:32:47  | 188.92.11.15 | CZ
Sat, 11 April 2015 12:07:51  | 109.81.209.100 | CZ
Sat, 11 April 2015 12:07:51  | 109.81.209.100 | CZ
Sat, 11 April 2015 15:01:06  | 188.120.212.25 | CZ
Sat, 11 April 2015 15:01:06  | 188.120.212.25 | CZ
Sat, 11 April 2015 23:13:06  | 188.175.149.40 | CZ
Sat, 11 April 2015 23:12:01  | 188.175.149.40 | CZ
Sat, 11 April 2015 16:31:01  | 194.228.13.189 | CZ
Sat, 11 April 2015 12:09:08  | 109.81.209.100 | CZ
Sat, 11 April 2015 12:09:08  | 109.81.209.100 | CZ
Sat, 11 April 2015 21:40:55  | 37.221.251.253 | CZ
Sat, 11 April 2015 17:26:53  | 88.101.187.116 | CZ
Sat, 11 April 2015 17:31:44  | 81.200.57.132 | CZ
Sat, 11 April 2015 17:33:32  | 81.200.57.132 | CZ
Sat, 11 April 2015 17:57:26  | 84.19.95.16 | CZ
Sat, 11 April 2015 17:57:26  | 84.19.95.16 | CZ
Sat, 11 April 2015 21:39:53  | 37.221.251.253 | CZ
Sat, 11 April 2015 20:30:57  | 188.92.11.15 | CZ
Sat, 11 April 2015 20:04:06  | 188.175.89.216 | CZ
Sat, 11 April 2015 20:05:11  | 188.175.89.216 | CZ
Sun, 12 April 2015 10:24:36  | 88.146.194.33 | CZ
Sun, 12 April 2015 12:15:37  | 89.103.98.231 | CZ
Sun, 12 April 2015 15:05:46  | 89.103.245.45 | CZ
Sun, 12 April 2015 09:03:59  | 82.144.151.225 | CZ
Sun, 12 April 2015 14:38:39  | 86.49.174.1 | CZ
Sun, 12 April 2015 17:22:21  | 88.100.211.147 | CZ
Sun, 12 April 2015 07:01:32  | 88.102.153.82 | CZ
Sun, 12 April 2015 16:25:15  | 85.207.47.83 | CZ
Sun, 12 April 2015 23:38:03  | 85.71.14.90 | CZ
Sun, 12 April 2015 14:50:40  | 92.240.185.61 | CZ
Sun, 12 April 2015 14:45:56  | 78.102.41.25 | CZ
Sun, 12 April 2015 14:45:57  | 78.102.41.25 | CZ
Sun, 12 April 2015 14:46:08  | 92.240.185.61 | CZ
Sun, 12 April 2015 14:46:08  | 92.240.185.61 | CZ
Sun, 12 April 2015 14:46:25  | 78.102.41.25 | CZ
Sun, 12 April 2015 14:46:25  | 78.45.113.215 | CZ
Sun, 12 April 2015 18:13:11  | 95.143.138.250 | CZ
Sun, 12 April 2015 19:50:55  | 85.70.119.203 | CZ
Sun, 12 April 2015 07:53:59  | 212.80.64.2 | CZ
Sun, 12 April 2015 07:42:41  | 188.175.149.40 | CZ
Sun, 12 April 2015 07:43:06  | 109.231.159.242 | CZ
Sun, 12 April 2015 09:23:28  | 46.16.121.101 | CZ
Sun, 12 April 2015 09:23:29  | 46.16.121.101 | CZ
Sun, 12 April 2015 17:58:20  | 78.102.41.25 | CZ
Sun, 12 April 2015 17:58:20  | 78.102.41.25 | CZ
Sun, 12 April 2015 16:21:10  | 92.240.170.138 | CZ
Sun, 12 April 2015 08:02:41  | 85.71.78.161 | CZ
Sun, 12 April 2015 20:12:40  | 194.228.20.154 | CZ
Sun, 12 April 2015 20:12:41  | 194.228.20.154 | CZ
Sun, 12 April 2015 17:33:59  | 78.102.41.25 | CZ
Sun, 12 April 2015 17:34:00  | 78.102.41.25 | CZ
Sun, 12 April 2015 00:23:03  | 89.103.183.58 | CZ
Sun, 12 April 2015 15:06:49  | 89.103.245.45 | CZ
Sun, 12 April 2015 05:46:14  | 77.78.89.195 | CZ
Sun, 12 April 2015 11:11:47  | 77.236.218.167 | CZ
Sun, 12 April 2015 00:45:17  | 92.240.175.19 | CZ
Sun, 12 April 2015 16:51:05  | 109.81.196.110 | CZ
Sun, 12 April 2015 16:51:35  | 109.81.196.110 | CZ
Sun, 12 April 2015 07:03:18  | 88.102.153.82 | CZ
Sun, 12 April 2015 16:22:14  | 92.240.170.138 | CZ
Sun, 12 April 2015 11:55:58  | 85.93.163.78 | CZ
Sun, 12 April 2015 07:43:45  | 188.175.149.40 | CZ
Sun, 12 April 2015 07:43:59  | 212.80.64.2 | CZ
Sun, 12 April 2015 07:43:59  | 212.80.64.2 | CZ
Sun, 12 April 2015 07:44:09  | 109.231.159.242 | CZ
Sun, 12 April 2015 07:50:05  | 82.144.151.225 | CZ
Sun, 12 April 2015 07:50:34  | 77.236.218.167 | CZ
Sun, 12 April 2015 11:27:21  | 213.192.19.34 | CZ
Sun, 12 April 2015 07:14:56  | 89.103.245.45 | CZ
Sun, 12 April 2015 00:24:49  | 89.103.183.58 | CZ
Sun, 12 April 2015 05:08:10  | 188.92.11.15 | CZ
Sun, 12 April 2015 00:04:54  | 92.240.175.19 | CZ
Sun, 12 April 2015 00:04:54  | 92.240.175.19 | CZ
Sun, 12 April 2015 00:05:23  | 92.240.175.19 | CZ
Sun, 12 April 2015 08:00:55  | 85.71.78.161 | CZ
Sun, 12 April 2015 19:05:56  | 88.103.82.190 | CZ
Sun, 12 April 2015 06:21:40  | 188.175.89.216 | CZ
Sun, 12 April 2015 14:50:10  | 92.240.185.61 | CZ
Sun, 12 April 2015 04:41:36  | 188.75.128.42 | CZ
Sun, 12 April 2015 16:14:50  | 86.49.174.1 | CZ
Sun, 12 April 2015 13:56:35  | 90.180.4.121 | CZ
Sun, 12 April 2015 16:15:53  | 86.49.174.1 | CZ
Sun, 12 April 2015 04:51:04  | 188.75.128.42 | CZ
Sun, 12 April 2015 05:44:14  | 77.78.89.195 | CZ
Sun, 12 April 2015 07:51:37  | 77.236.218.167 | CZ
Sun, 12 April 2015 14:45:05  | 78.45.113.215 | CZ
Sun, 12 April 2015 05:36:54  | 88.101.187.116 | CZ
Sun, 12 April 2015 19:18:45  | 86.49.174.1 | CZ
Sun, 12 April 2015 07:20:47  | 213.192.2.30 | CZ
Sun, 12 April 2015 07:20:48  | 213.192.2.30 | CZ
Sun, 12 April 2015 19:38:34  | 109.231.159.242 | CZ
Sun, 12 April 2015 10:14:06  | 89.103.245.45 | CZ
Sun, 12 April 2015 17:14:55  | 92.240.185.61 | CZ
Sun, 12 April 2015 17:14:55  | 92.240.185.61 | CZ
Sun, 12 April 2015 17:15:24  | 92.240.185.61 | CZ
Sun, 12 April 2015 11:57:37  | 85.93.163.78 | CZ
Sun, 12 April 2015 11:58:08  | 85.93.163.78 | CZ
Sun, 12 April 2015 20:12:31  | 194.228.20.154 | CZ
Sun, 12 April 2015 05:38:05  | 88.101.187.116 | CZ
Sun, 12 April 2015 09:02:56  | 82.144.151.225 | CZ
Sun, 12 April 2015 23:39:07  | 85.71.14.90 | CZ
Sun, 12 April 2015 07:49:01  | 82.144.151.225 | CZ
Sun, 12 April 2015 20:28:40  | 88.100.211.147 | CZ
Sun, 12 April 2015 10:15:10  | 89.103.245.45 | CZ
Sun, 12 April 2015 11:25:35  | 213.192.19.34 | CZ
Sun, 12 April 2015 14:37:36  | 86.49.174.1 | CZ
Sun, 12 April 2015 19:07:00  | 88.103.82.190 | CZ
Sun, 12 April 2015 17:58:48  | 78.102.41.25 | CZ
Sun, 12 April 2015 11:55:27  | 85.93.163.78 | CZ
Sun, 12 April 2015 11:55:27  | 85.93.163.78 | CZ
Sun, 12 April 2015 11:55:28  | 88.101.45.179 | CZ
Sun, 12 April 2015 19:19:49  | 86.49.174.1 | CZ
Sun, 12 April 2015 19:39:37  | 109.231.159.242 | CZ
Sun, 12 April 2015 23:27:41  | 85.71.14.90 | CZ
Sun, 12 April 2015 18:11:25  | 95.143.138.250 | CZ
Sun, 12 April 2015 23:26:37  | 85.71.14.90 | CZ
Sun, 12 April 2015 07:13:53  | 89.103.245.45 | CZ
Sun, 12 April 2015 11:10:44  | 77.236.218.167 | CZ
Sun, 12 April 2015 13:55:32  | 90.180.4.121 | CZ
Sun, 12 April 2015 19:53:30  | 85.70.119.203 | CZ
Sun, 12 April 2015 17:33:28  | 109.105.49.28 | CZ
Sun, 12 April 2015 20:28:38  | 88.100.211.147 | CZ
Sun, 12 April 2015 16:24:12  | 85.207.47.83 | CZ
Sun, 12 April 2015 05:50:14  | 78.108.105.2 | CZ
Sun, 12 April 2015 05:49:10  | 78.108.105.2 | CZ
Sun, 12 April 2015 00:03:26  | 92.240.175.19 | CZ
Sun, 12 April 2015 00:03:26  | 92.240.175.19 | CZ
Mon, 13 April 2015 16:06:36  | 84.19.95.16 | CZ
Mon, 13 April 2015 20:04:48  | 78.108.105.2 | CZ
Mon, 13 April 2015 15:24:39  | 212.4.133.110 | CZ
Mon, 13 April 2015 19:06:43  | 194.228.20.227 | CZ
Mon, 13 April 2015 19:06:44  | 194.228.20.227 | CZ
Mon, 13 April 2015 18:12:09  | 78.102.41.25 | CZ
Mon, 13 April 2015 18:12:37  | 78.102.41.25 | CZ
Mon, 13 April 2015 14:24:19  | 78.102.41.25 | CZ
Mon, 13 April 2015 14:24:19  | 78.102.41.25 | CZ
Mon, 13 April 2015 14:54:15  | 178.255.168.83 | CZ
Mon, 13 April 2015 07:13:53  | 194.228.20.194 | CZ
Mon, 13 April 2015 07:13:55  | 194.228.20.194 | CZ
Mon, 13 April 2015 07:13:55  | 194.228.20.194 | CZ
Mon, 13 April 2015 14:30:21  | 88.102.153.82 | CZ
Mon, 13 April 2015 16:19:24  | 85.207.47.83 | CZ
Mon, 13 April 2015 09:27:32  | 194.8.252.29 | CZ
Mon, 13 April 2015 06:00:10  | 94.112.41.3 | CZ
Mon, 13 April 2015 14:47:24  | 212.4.133.110 | CZ
Mon, 13 April 2015 13:10:21  | 213.192.39.153 | CZ
Mon, 13 April 2015 05:26:23  | 85.70.240.222 | CZ
Mon, 13 April 2015 20:50:41  | 85.70.119.203 | CZ
Mon, 13 April 2015 18:28:06  | 88.103.82.190 | CZ
Mon, 13 April 2015 12:02:01  | 109.231.159.242 | CZ
Mon, 13 April 2015 18:27:02  | 88.103.82.190 | CZ
Mon, 13 April 2015 18:27:34  | 86.49.174.1 | CZ
Mon, 13 April 2015 11:06:18  | 85.93.163.78 | CZ
Mon, 13 April 2015 11:06:18  | 85.93.163.78 | CZ
Mon, 13 April 2015 14:18:58  | 85.13.90.175 | CZ
Mon, 13 April 2015 18:53:40  | 194.8.252.29 | CZ
Mon, 13 April 2015 05:23:58  | 78.45.113.215 | CZ
Mon, 13 April 2015 12:46:16  | 213.192.39.153 | CZ
Mon, 13 April 2015 12:46:16  | 213.192.39.153 | CZ
Mon, 13 April 2015 12:46:16  | 213.192.39.153 | CZ
Mon, 13 April 2015 13:12:37  | 213.192.39.153 | CZ
Mon, 13 April 2015 13:12:37  | 213.192.39.153 | CZ
Mon, 13 April 2015 13:12:37  | 213.192.39.153 | CZ
Mon, 13 April 2015 06:07:40  | 89.103.245.45 | CZ
Mon, 13 April 2015 15:33:19  | 82.144.151.225 | CZ
Mon, 13 April 2015 13:35:12  | 89.103.245.45 | CZ
Mon, 13 April 2015 08:34:56  | 88.100.211.147 | CZ
Mon, 13 April 2015 08:34:57  | 88.100.211.147 | CZ
Mon, 13 April 2015 08:34:57  | 88.100.211.147 | CZ
Mon, 13 April 2015 11:54:37  | 194.8.252.29 | CZ
Mon, 13 April 2015 04:56:04  | 188.75.128.42 | CZ
Mon, 13 April 2015 05:16:52  | 109.231.159.242 | CZ
Mon, 13 April 2015 05:17:15  | 94.229.87.21 | CZ
Mon, 13 April 2015 06:13:22  | 77.236.218.167 | CZ
Mon, 13 April 2015 13:00:54  | 213.192.39.153 | CZ
Mon, 13 April 2015 13:00:54  | 213.192.39.153 | CZ
Mon, 13 April 2015 13:00:54  | 213.192.39.153 | CZ
Mon, 13 April 2015 13:01:41  | 213.192.19.34 | CZ
Mon, 13 April 2015 15:36:24  | 90.180.4.121 | CZ
Mon, 13 April 2015 20:40:55  | 80.243.104.134 | CZ
Mon, 13 April 2015 14:58:14  | 86.49.174.1 | CZ
Mon, 13 April 2015 02:54:50  | 85.207.47.83 | CZ
Mon, 13 April 2015 03:10:59  | 78.102.41.25 | CZ
Mon, 13 April 2015 03:10:59  | 78.102.41.25 | CZ
Mon, 13 April 2015 08:58:18  | 89.103.98.231 | CZ
Mon, 13 April 2015 11:45:09  | 88.146.156.2 | CZ
Mon, 13 April 2015 20:03:45  | 78.108.105.2 | CZ
Mon, 13 April 2015 03:54:18  | 85.70.119.203 | CZ
Mon, 13 April 2015 02:53:47  | 85.207.47.83 | CZ
Mon, 13 April 2015 14:20:01  | 85.13.90.175 | CZ
Mon, 13 April 2015 14:51:21  | 213.192.39.153 | CZ
Mon, 13 April 2015 14:51:21  | 213.192.39.153 | CZ
Mon, 13 April 2015 14:51:22  | 213.192.39.153 | CZ
Mon, 13 April 2015 11:37:11  | 94.112.41.3 | CZ
Mon, 13 April 2015 16:20:28  | 85.207.47.83 | CZ
Mon, 13 April 2015 11:52:52  | 194.8.252.29 | CZ
Mon, 13 April 2015 04:30:50  | 178.209.129.229 | CZ
Mon, 13 April 2015 04:30:50  | 178.209.129.229 | CZ
Mon, 13 April 2015 03:56:55  | 85.70.119.203 | CZ
Mon, 13 April 2015 14:48:29  | 212.4.133.110 | CZ
Mon, 13 April 2015 15:34:34  | 86.49.174.1 | CZ
Mon, 13 April 2015 15:25:44  | 212.4.133.110 | CZ
Mon, 13 April 2015 05:10:53  | 78.108.105.2 | CZ
Mon, 13 April 2015 09:39:40  | 62.245.104.147 | CZ
Mon, 13 April 2015 12:56:25  | 213.192.39.153 | CZ
Mon, 13 April 2015 12:56:25  | 213.192.39.153 | CZ
Mon, 13 April 2015 12:56:25  | 213.192.39.153 | CZ
Mon, 13 April 2015 15:32:16  | 82.144.151.225 | CZ
Mon, 13 April 2015 14:32:07  | 88.102.153.82 | CZ
Mon, 13 April 2015 05:11:57  | 78.108.105.2 | CZ
Mon, 13 April 2015 15:44:13  | 95.143.138.250 | CZ
Mon, 13 April 2015 11:38:48  | 94.112.41.3 | CZ
Mon, 13 April 2015 14:57:11  | 86.49.174.1 | CZ
Mon, 13 April 2015 19:30:29  | 109.231.159.242 | CZ
Mon, 13 April 2015 13:49:57  | 78.108.105.2 | CZ
Mon, 13 April 2015 05:58:55  | 94.112.41.3 | CZ
Mon, 13 April 2015 13:04:48  | 213.192.39.153 | CZ
Mon, 13 April 2015 13:04:57  | 178.17.92.194 | CZ
Mon, 13 April 2015 13:05:02  | 178.17.92.194 | CZ
Mon, 13 April 2015 13:05:02  | 178.17.92.194 | CZ
Mon, 13 April 2015 13:03:34  | 213.192.19.34 | CZ
Mon, 13 April 2015 08:56:46  | 89.103.98.231 | CZ
Mon, 13 April 2015 12:58:07  | 213.192.39.153 | CZ
Mon, 13 April 2015 12:58:07  | 213.192.39.153 | CZ
Mon, 13 April 2015 13:48:54  | 78.108.105.2 | CZ
Mon, 13 April 2015 06:06:37  | 89.103.245.45 | CZ
Mon, 13 April 2015 13:36:15  | 89.103.245.45 | CZ
Mon, 13 April 2015 11:46:52  | 88.146.156.2 | CZ
Mon, 13 April 2015 11:46:53  | 88.146.156.2 | CZ
Mon, 13 April 2015 11:43:59  | 88.146.156.2 | CZ
Mon, 13 April 2015 11:44:02  | 88.146.156.2 | CZ
Mon, 13 April 2015 11:06:55  | 85.93.163.78 | CZ
Mon, 13 April 2015 05:15:49  | 109.231.159.242 | CZ
Mon, 13 April 2015 09:25:47  | 194.8.252.29 | CZ
Mon, 13 April 2015 19:31:32  | 109.231.159.242 | CZ
Mon, 13 April 2015 17:05:10  | 109.105.49.28 | CZ
Mon, 13 April 2015 05:25:20  | 85.70.240.222 | CZ
Mon, 13 April 2015 20:42:40  | 80.243.104.134 | CZ
Mon, 13 April 2015 19:06:52  | 194.228.20.227 | CZ
Mon, 13 April 2015 15:42:27  | 95.143.138.250 | CZ
Mon, 13 April 2015 05:05:31  | 188.75.128.42 | CZ
Mon, 13 April 2015 13:51:57  | 178.209.129.229 | CZ
Mon, 13 April 2015 13:51:57  | 178.209.129.229 | CZ
Mon, 13 April 2015 18:26:31  | 86.49.174.1 | CZ
Mon, 13 April 2015 13:48:20  | 85.70.240.222 | CZ
Mon, 13 April 2015 20:53:27  | 85.70.119.203 | CZ
Mon, 13 April 2015 15:35:21  | 90.180.4.121 | CZ
Mon, 13 April 2015 15:35:37  | 86.49.174.1 | CZ
Mon, 13 April 2015 06:14:28  | 77.236.218.167 | CZ
Mon, 13 April 2015 09:41:30  | 62.245.104.147 | CZ
Mon, 13 April 2015 12:37:40  | 46.16.121.101 | CZ
Mon, 13 April 2015 12:37:41  | 46.16.121.101 | CZ
Mon, 13 April 2015 12:03:04  | 109.231.159.242 | CZ
Mon, 13 April 2015 18:51:54  | 194.8.252.29 | CZ
Mon, 13 April 2015 13:47:17  | 85.70.240.222 | CZ
Mon, 13 April 2015 13:20:28  | 88.146.194.33 | CZ
Mon, 13 April 2015 13:20:29  | 88.146.194.33 | CZ
Mon, 13 April 2015 13:20:29  | 88.146.194.33 | CZ
Tue, 14 April 2015 05:05:49  | 188.75.128.42 | CZ
Tue, 14 April 2015 14:33:07  | 188.75.128.42 | CZ
Tue, 14 April 2015 07:35:21  | 194.8.252.29 | CZ
Tue, 14 April 2015 05:04:04  | 78.108.105.2 | CZ
Tue, 14 April 2015 06:39:39  | 89.103.245.45 | CZ
Tue, 14 April 2015 20:43:50  | 86.49.174.1 | CZ
Tue, 14 April 2015 07:02:01  | 89.103.98.231 | CZ
Tue, 14 April 2015 15:50:26  | 88.103.82.190 | CZ
Tue, 14 April 2015 16:46:56  | 78.102.41.25 | CZ
Tue, 14 April 2015 16:46:56  | 78.102.41.25 | CZ
Tue, 14 April 2015 16:46:56  | 78.102.41.25 | CZ
Tue, 14 April 2015 16:47:24  | 78.102.41.25 | CZ
Tue, 14 April 2015 11:34:31  | 85.193.15.106 | CZ
Tue, 14 April 2015 15:13:51  | 85.132.178.40 | CZ
Tue, 14 April 2015 13:10:57  | 178.17.92.194 | CZ
Tue, 14 April 2015 13:10:57  | 178.17.92.194 | CZ
Tue, 14 April 2015 06:16:24  | 85.132.178.40 | CZ
Tue, 14 April 2015 11:54:39  | 85.207.47.83 | CZ
Tue, 14 April 2015 17:31:53  | 84.19.95.16 | CZ
Tue, 14 April 2015 17:31:53  | 84.19.95.16 | CZ
Tue, 14 April 2015 17:31:53  | 84.19.95.16 | CZ
Tue, 14 April 2015 17:27:28  | 82.144.151.225 | CZ
Tue, 14 April 2015 14:23:37  | 188.75.128.42 | CZ
Tue, 14 April 2015 11:11:04  | 85.132.178.40 | CZ
Tue, 14 April 2015 13:10:36  | 178.17.92.194 | CZ
Tue, 14 April 2015 13:10:36  | 178.17.92.194 | CZ
Tue, 14 April 2015 18:25:33  | 77.78.89.195 | CZ
Tue, 14 April 2015 06:01:31  | 94.112.41.3 | CZ
Tue, 14 April 2015 16:41:50  | 85.132.178.40 | CZ
Tue, 14 April 2015 04:43:09  | 85.70.240.222 | CZ
Tue, 14 April 2015 13:54:54  | 194.228.11.130 | CZ
Tue, 14 April 2015 06:17:32  | 85.132.178.40 | CZ
Tue, 14 April 2015 15:09:07  | 88.102.153.82 | CZ
Tue, 14 April 2015 15:09:51  | 213.192.19.34 | CZ
Tue, 14 April 2015 18:27:19  | 77.78.89.195 | CZ
Tue, 14 April 2015 04:44:18  | 85.70.240.222 | CZ
Tue, 14 April 2015 08:07:53  | 83.143.240.14 | CZ
Tue, 14 April 2015 15:10:55  | 88.102.153.82 | CZ
Tue, 14 April 2015 12:37:42  | 90.180.4.121 | CZ
Tue, 14 April 2015 05:16:51  | 78.45.113.215 | CZ
Tue, 14 April 2015 17:37:51  | 188.92.11.15 | CZ
Tue, 14 April 2015 15:51:30  | 88.103.82.190 | CZ
Tue, 14 April 2015 12:15:42  | 85.70.145.172 | CZ
Tue, 14 April 2015 12:15:43  | 85.70.145.172 | CZ
Tue, 14 April 2015 12:15:43  | 85.70.145.172 | CZ
Tue, 14 April 2015 08:07:15  | 83.143.240.14 | CZ
Tue, 14 April 2015 04:27:16  | 178.209.129.229 | CZ
Tue, 14 April 2015 04:27:16  | 178.209.129.229 | CZ
Tue, 14 April 2015 04:27:20  | 178.209.129.229 | CZ
Tue, 14 April 2015 04:27:20  | 178.209.129.229 | CZ
Tue, 14 April 2015 17:05:29  | 188.92.11.15 | CZ
Tue, 14 April 2015 06:20:56  | 109.231.159.242 | CZ
Tue, 14 April 2015 06:21:00  | 194.228.20.184 | CZ
Tue, 14 April 2015 06:21:00  | 194.228.20.184 | CZ
Tue, 14 April 2015 06:21:12  | 194.228.20.184 | CZ
Tue, 14 April 2015 06:21:12  | 194.228.20.184 | CZ
Tue, 14 April 2015 14:28:39  | 86.49.174.1 | CZ
Tue, 14 April 2015 18:06:50  | 46.16.121.101 | CZ
Tue, 14 April 2015 18:06:51  | 46.16.121.101 | CZ
Tue, 14 April 2015 17:07:18  | 188.92.11.15 | CZ
Tue, 14 April 2015 07:21:56  | 85.132.178.40 | CZ
Tue, 14 April 2015 05:57:37  | 89.103.245.45 | CZ
Tue, 14 April 2015 11:12:13  | 85.132.178.40 | CZ
Tue, 14 April 2015 05:56:34  | 89.103.245.45 | CZ
Tue, 14 April 2015 18:07:03  | 46.16.121.101 | CZ
Tue, 14 April 2015 14:37:13  | 90.180.4.121 | CZ
Tue, 14 April 2015 12:28:20  | 194.228.20.89 | CZ
Tue, 14 April 2015 12:28:20  | 194.228.20.89 | CZ
Tue, 14 April 2015 12:28:43  | 194.228.20.89 | CZ
Tue, 14 April 2015 12:36:38  | 90.180.4.121 | CZ
Tue, 14 April 2015 05:15:25  | 78.45.113.215 | CZ
Tue, 14 April 2015 17:28:33  | 82.144.151.225 | CZ
Tue, 14 April 2015 06:02:39  | 94.112.41.3 | CZ
Tue, 14 April 2015 06:19:53  | 109.231.159.242 | CZ
Tue, 14 April 2015 05:03:00  | 78.108.105.2 | CZ
Tue, 14 April 2015 16:40:47  | 85.132.178.40 | CZ
Tue, 14 April 2015 15:12:47  | 85.132.178.40 | CZ
Tue, 14 April 2015 16:58:18  | 188.92.11.15 | CZ
Tue, 14 April 2015 15:08:06  | 213.192.19.34 | CZ
Tue, 14 April 2015 15:27:23  | 78.108.105.2 | CZ
Tue, 14 April 2015 15:26:20  | 78.108.105.2 | CZ
Tue, 14 April 2015 16:43:52  | 78.108.105.2 | CZ
Tue, 14 April 2015 07:20:49  | 85.132.178.40 | CZ
Tue, 14 April 2015 16:44:55  | 78.108.105.2 | CZ
Tue, 14 April 2015 04:56:23  | 188.75.128.42 | CZ
Tue, 14 April 2015 06:38:36  | 89.103.245.45 | CZ
Tue, 14 April 2015 07:12:29  | 77.236.218.167 | CZ
Tue, 14 April 2015 20:42:47  | 86.49.174.1 | CZ
Tue, 14 April 2015 06:29:41  | 109.202.81.5 | CZ
Tue, 14 April 2015 17:33:55  | 178.209.129.229 | CZ
Tue, 14 April 2015 17:33:55  | 178.209.129.229 | CZ
Tue, 14 April 2015 17:33:58  | 178.209.129.229 | CZ
Tue, 14 April 2015 17:33:58  | 178.209.129.229 | CZ
Tue, 14 April 2015 05:13:52  | 88.146.194.33 | CZ
Tue, 14 April 2015 05:13:52  | 88.146.194.33 | CZ
Tue, 14 April 2015 05:13:54  | 88.146.194.33 | CZ
Tue, 14 April 2015 17:03:18  | 109.105.49.28 | CZ
Tue, 14 April 2015 07:00:40  | 85.93.163.78 | CZ
Tue, 14 April 2015 07:00:40  | 85.93.163.78 | CZ
Tue, 14 April 2015 17:36:05  | 188.92.11.15 | CZ
Tue, 14 April 2015 16:56:29  | 188.92.11.15 | CZ
Tue, 14 April 2015 07:03:06  | 89.103.98.231 | CZ
Tue, 14 April 2015 07:13:41  | 77.236.218.167 | CZ
Tue, 14 April 2015 17:15:41  | 178.72.252.112 | CZ
Tue, 14 April 2015 15:24:09  | 178.255.168.83 | CZ
Tue, 14 April 2015 14:27:36  | 86.49.174.1 | CZ
Tue, 14 April 2015 12:16:25  | 85.70.145.172 | CZ
Tue, 14 April 2015 10:43:16  | 109.231.159.242 | CZ
Tue, 14 April 2015 12:24:09  | 213.226.245.20 | CZ
Tue, 14 April 2015 12:24:09  | 213.226.245.20 | CZ
Tue, 14 April 2015 12:24:11  | 213.226.245.20 | CZ
Tue, 14 April 2015 03:42:24  | 94.229.87.21 | CZ
Tue, 14 April 2015 03:42:24  | 94.229.87.21 | CZ
Tue, 14 April 2015 03:42:30  | 94.229.87.21 | CZ
Tue, 14 April 2015 11:35:42  | 85.193.15.106 | CZ
Tue, 14 April 2015 10:44:19  | 109.231.159.242 | CZ
Tue, 14 April 2015 07:33:35  | 194.8.252.29 | CZ
Tue, 14 April 2015 06:30:45  | 109.202.81.5 | CZ
Tue, 14 April 2015 11:55:42  | 85.207.47.83 | CZ
Tue, 14 April 2015 07:01:05  | 85.93.163.78 | CZ
Tue, 14 April 2015 07:01:39  | 85.93.163.78 | CZ
Tue, 14 April 2015 11:27:36  | 46.16.121.101 | CZ
Tue, 14 April 2015 11:27:36  | 46.16.121.101 | CZ
Tue, 14 April 2015 11:27:48  | 46.16.121.101 | CZ
Tue, 14 April 2015 11:27:48  | 46.16.121.101 | CZ
Tue, 14 April 2015 15:23:44  | 178.255.168.83 | CZ
Tue, 14 April 2015 15:23:44  | 178.255.168.83 | CZ
Tue, 14 April 2015 15:23:48  | 178.255.168.83 | CZ
Tue, 14 April 2015 13:53:49  | 194.228.11.130 | CZ
Wed, 15 April 2015 17:14:49  | 85.70.119.203 | CZ
Wed, 15 April 2015 04:30:12  | 85.70.240.222 | CZ
Wed, 15 April 2015 04:44:16  | 188.75.128.42 | CZ
Wed, 15 April 2015 17:44:19  | 85.70.119.203 | CZ
Wed, 15 April 2015 13:17:23  | 82.144.151.225 | CZ
Wed, 15 April 2015 18:16:27  | 78.102.41.25 | CZ
Wed, 15 April 2015 18:16:27  | 78.102.41.25 | CZ
Wed, 15 April 2015 18:16:55  | 78.102.41.25 | CZ
Wed, 15 April 2015 07:08:52  | 109.231.159.242 | CZ
Wed, 15 April 2015 21:54:07  | 88.103.82.190 | CZ
Wed, 15 April 2015 18:23:46  | 188.92.11.15 | CZ
Wed, 15 April 2015 05:59:17  | 78.45.113.215 | CZ
Wed, 15 April 2015 10:39:23  | 213.195.219.165 | CZ
Wed, 15 April 2015 08:27:11  | 94.112.41.3 | CZ
Wed, 15 April 2015 17:17:20  | 85.70.119.203 | CZ
Wed, 15 April 2015 13:52:11  | 79.98.159.11 | CZ
Wed, 15 April 2015 13:52:12  | 79.98.159.11 | CZ
Wed, 15 April 2015 13:52:32  | 79.98.159.11 | CZ
Wed, 15 April 2015 16:06:34  | 95.143.138.250 | CZ
Wed, 15 April 2015 19:16:02  | 79.98.159.11 | CZ
Wed, 15 April 2015 19:16:11  | 79.98.159.11 | CZ
Wed, 15 April 2015 20:32:17  | 78.102.225.112 | CZ
Wed, 15 April 2015 20:32:17  | 78.102.225.112 | CZ
Wed, 15 April 2015 20:32:39  | 78.102.225.112 | CZ
Wed, 15 April 2015 20:32:40  | 78.102.225.112 | CZ
Wed, 15 April 2015 07:56:05  | 85.93.163.78 | CZ
Wed, 15 April 2015 07:56:05  | 85.93.163.78 | CZ
Wed, 15 April 2015 10:24:21  | 89.103.98.231 | CZ
Wed, 15 April 2015 16:04:04  | 178.255.168.83 | CZ
Wed, 15 April 2015 15:32:00  | 178.17.92.194 | CZ
Wed, 15 April 2015 15:32:00  | 178.17.92.194 | CZ
Wed, 15 April 2015 15:32:09  | 178.17.92.194 | CZ
Wed, 15 April 2015 15:32:09  | 178.17.92.194 | CZ
Wed, 15 April 2015 03:02:45  | 89.103.79.108 | CZ
Wed, 15 April 2015 20:23:09  | 86.49.174.1 | CZ
Wed, 15 April 2015 05:07:41  | 78.108.105.2 | CZ
Wed, 15 April 2015 05:07:55  | 94.229.87.21 | CZ
Wed, 15 April 2015 05:07:55  | 94.229.87.21 | CZ
Wed, 15 April 2015 16:08:11  | 95.143.138.250 | CZ
Wed, 15 April 2015 09:24:00  | 213.195.219.165 | CZ
Wed, 15 April 2015 09:24:03  | 213.192.19.34 | CZ
Wed, 15 April 2015 06:00:26  | 78.45.113.215 | CZ
Wed, 15 April 2015 12:07:30  | 188.92.11.15 | CZ
Wed, 15 April 2015 08:07:17  | 77.236.218.167 | CZ
Wed, 15 April 2015 09:25:48  | 213.192.19.34 | CZ
Wed, 15 April 2015 16:51:42  | 78.108.105.2 | CZ
Wed, 15 April 2015 04:17:26  | 78.102.41.25 | CZ
Wed, 15 April 2015 04:17:26  | 78.102.41.25 | CZ
Wed, 15 April 2015 04:17:26  | 78.102.41.25 | CZ
Wed, 15 April 2015 04:17:54  | 78.102.41.25 | CZ
Wed, 15 April 2015 13:16:20  | 82.144.151.225 | CZ
Wed, 15 April 2015 04:53:38  | 188.75.128.42 | CZ
Wed, 15 April 2015 04:27:44  | 178.209.129.229 | CZ
Wed, 15 April 2015 04:27:44  | 178.209.129.229 | CZ
Wed, 15 April 2015 04:27:47  | 178.209.129.229 | CZ
Wed, 15 April 2015 05:07:56  | 94.229.87.21 | CZ
Wed, 15 April 2015 05:07:56  | 94.229.87.21 | CZ
Wed, 15 April 2015 05:07:57  | 94.229.87.21 | CZ
Wed, 15 April 2015 05:08:45  | 78.108.105.2 | CZ
Wed, 15 April 2015 17:49:34  | 109.105.49.28 | CZ
Wed, 15 April 2015 12:27:32  | 178.17.92.194 | CZ
Wed, 15 April 2015 12:27:32  | 178.17.92.194 | CZ
Wed, 15 April 2015 12:27:35  | 178.17.92.194 | CZ
Wed, 15 April 2015 04:07:02  | 85.70.119.203 | CZ
Wed, 15 April 2015 13:58:45  | 85.207.47.83 | CZ
Wed, 15 April 2015 11:48:34  | 85.193.15.106 | CZ
Wed, 15 April 2015 16:03:41  | 178.255.168.83 | CZ
Wed, 15 April 2015 16:03:41  | 178.255.168.83 | CZ
Wed, 15 April 2015 16:03:43  | 178.255.168.83 | CZ
Wed, 15 April 2015 06:35:16  | 85.132.178.40 | CZ
Wed, 15 April 2015 09:46:54  | 88.100.211.147 | CZ
Wed, 15 April 2015 09:46:55  | 88.100.211.147 | CZ
Wed, 15 April 2015 09:46:55  | 88.100.211.147 | CZ
Wed, 15 April 2015 09:46:55  | 88.100.211.147 | CZ
Wed, 15 April 2015 18:10:01  | 109.231.159.242 | CZ
Wed, 15 April 2015 13:42:56  | 88.102.153.82 | CZ
Wed, 15 April 2015 03:04:30  | 89.103.79.108 | CZ
Wed, 15 April 2015 21:53:03  | 88.103.82.190 | CZ
Wed, 15 April 2015 06:03:26  | 89.103.245.45 | CZ
Wed, 15 April 2015 08:08:21  | 77.236.218.167 | CZ
Wed, 15 April 2015 06:04:29  | 89.103.245.45 | CZ
Wed, 15 April 2015 18:24:25  | 84.19.95.16 | CZ
Wed, 15 April 2015 18:24:25  | 84.19.95.16 | CZ
Wed, 15 April 2015 04:40:59  | 188.92.11.15 | CZ
Wed, 15 April 2015 17:46:44  | 85.70.119.203 | CZ
Wed, 15 April 2015 20:22:06  | 86.49.174.1 | CZ
Wed, 15 April 2015 04:39:08  | 89.103.79.108 | CZ
Wed, 15 April 2015 07:07:49  | 109.231.159.242 | CZ
Wed, 15 April 2015 08:28:21  | 94.112.41.3 | CZ
Wed, 15 April 2015 09:22:12  | 213.195.219.165 | CZ
Wed, 15 April 2015 14:13:45  | 109.231.159.242 | CZ
Wed, 15 April 2015 13:44:41  | 88.102.153.82 | CZ
Wed, 15 April 2015 19:15:45  | 79.98.159.11 | CZ
Wed, 15 April 2015 19:15:45  | 79.98.159.11 | CZ
Wed, 15 April 2015 13:57:42  | 85.207.47.83 | CZ
Wed, 15 April 2015 06:34:13  | 85.132.178.40 | CZ
Wed, 15 April 2015 14:14:48  | 109.231.159.242 | CZ
Wed, 15 April 2015 10:37:26  | 213.195.219.165 | CZ
Wed, 15 April 2015 18:11:04  | 109.231.159.242 | CZ
Wed, 15 April 2015 16:52:45  | 78.108.105.2 | CZ
Wed, 15 April 2015 04:40:53  | 89.103.79.108 | CZ
Wed, 15 April 2015 04:31:15  | 85.70.240.222 | CZ
Wed, 15 April 2015 01:20:58  | 93.185.8.1 | CZ
Wed, 15 April 2015 01:20:58  | 93.185.8.1 | CZ
Wed, 15 April 2015 04:09:42  | 85.70.119.203 | CZ
Wed, 15 April 2015 02:34:41  | 194.228.20.211 | CZ
Wed, 15 April 2015 02:34:42  | 194.228.20.211 | CZ
Wed, 15 April 2015 12:38:20  | 194.228.20.98 | CZ
Wed, 15 April 2015 12:38:20  | 194.228.20.98 | CZ
Wed, 15 April 2015 12:38:22  | 194.228.20.98 | CZ
Wed, 15 April 2015 12:38:22  | 194.228.20.98 | CZ
Thu, 16 April 2015 16:46:19  | 78.102.41.25 | CZ
Thu, 16 April 2015 16:46:19  | 78.102.41.25 | CZ
Thu, 16 April 2015 16:46:19  | 78.102.41.25 | CZ
Thu, 16 April 2015 16:46:47  | 78.102.41.25 | CZ
Thu, 16 April 2015 07:41:44  | 91.106.250.86 | CZ
Thu, 16 April 2015 14:04:09  | 91.106.250.86 | CZ
Thu, 16 April 2015 14:04:09  | 91.106.250.86 | CZ
Thu, 16 April 2015 13:04:20  | 109.231.159.242 | CZ
Thu, 16 April 2015 13:07:58  | 213.192.19.34 | CZ
Thu, 16 April 2015 13:29:05  | 46.16.121.101 | CZ
Thu, 16 April 2015 12:49:39  | 88.146.194.33 | CZ
Thu, 16 April 2015 12:49:40  | 88.146.194.33 | CZ
Thu, 16 April 2015 12:49:40  | 88.146.194.33 | CZ
Thu, 16 April 2015 18:00:11  | 78.108.105.2 | CZ
Thu, 16 April 2015 03:37:49  | 109.231.159.242 | CZ
Thu, 16 April 2015 17:14:13  | 46.13.123.174 | CZ
Thu, 16 April 2015 16:58:57  | 86.49.174.1 | CZ
Thu, 16 April 2015 11:38:35  | 94.112.41.3 | CZ
Thu, 16 April 2015 19:31:03  | 84.19.95.16 | CZ
Thu, 16 April 2015 19:31:03  | 84.19.95.16 | CZ
Thu, 16 April 2015 19:31:03  | 84.19.95.16 | CZ
Thu, 16 April 2015 11:39:42  | 94.112.41.3 | CZ
Thu, 16 April 2015 19:52:47  | 85.93.163.78 | CZ
Thu, 16 April 2015 07:52:16  | 188.75.128.42 | CZ
Thu, 16 April 2015 05:24:54  | 78.45.113.215 | CZ
Thu, 16 April 2015 13:05:23  | 109.231.159.242 | CZ
Thu, 16 April 2015 07:41:02  | 91.106.250.86 | CZ
Thu, 16 April 2015 07:41:02  | 91.106.250.86 | CZ
Thu, 16 April 2015 04:58:08  | 77.236.218.167 | CZ
Thu, 16 April 2015 04:58:26  | 78.108.105.2 | CZ
Thu, 16 April 2015 11:05:06  | 94.112.41.3 | CZ
Thu, 16 April 2015 14:51:25  | 82.144.151.225 | CZ
Thu, 16 April 2015 16:04:23  | 37.221.251.253 | CZ
Thu, 16 April 2015 06:14:19  | 89.103.245.45 | CZ
Thu, 16 April 2015 15:51:01  | 85.207.47.83 | CZ
Thu, 16 April 2015 04:50:47  | 78.102.225.112 | CZ
Thu, 16 April 2015 04:50:47  | 78.102.225.112 | CZ
Thu, 16 April 2015 04:50:52  | 188.92.11.15 | CZ
Thu, 16 April 2015 13:29:05  | 46.16.121.101 | CZ
Thu, 16 April 2015 13:29:11  | 46.16.121.101 | CZ
Thu, 16 April 2015 13:29:11  | 46.16.121.101 | CZ
Thu, 16 April 2015 13:29:11  | 46.16.121.101 | CZ
Thu, 16 April 2015 05:22:42  | 78.45.113.215 | CZ
Thu, 16 April 2015 19:35:23  | 109.231.159.242 | CZ
Thu, 16 April 2015 04:52:41  | 188.92.11.15 | CZ
Thu, 16 April 2015 04:51:19  | 78.102.225.112 | CZ
Thu, 16 April 2015 04:51:19  | 78.102.225.112 | CZ
Thu, 16 April 2015 13:06:12  | 213.192.19.34 | CZ
Thu, 16 April 2015 12:46:42  | 178.17.92.194 | CZ
Thu, 16 April 2015 12:46:42  | 178.17.92.194 | CZ
Thu, 16 April 2015 12:46:43  | 178.17.92.194 | CZ
Thu, 16 April 2015 03:36:40  | 88.146.194.33 | CZ
Thu, 16 April 2015 03:36:40  | 88.146.194.33 | CZ
Thu, 16 April 2015 03:36:41  | 88.146.194.33 | CZ
Thu, 16 April 2015 03:36:41  | 88.146.194.33 | CZ
Thu, 16 April 2015 03:36:45  | 109.231.159.242 | CZ
Thu, 16 April 2015 14:34:49  | 188.175.149.40 | CZ
Thu, 16 April 2015 19:03:14  | 85.70.119.203 | CZ
Thu, 16 April 2015 19:14:26  | 89.103.79.108 | CZ
Thu, 16 April 2015 16:57:54  | 86.49.174.1 | CZ
Thu, 16 April 2015 16:06:00  | 37.221.251.253 | CZ
Thu, 16 April 2015 14:50:22  | 82.144.151.225 | CZ
Thu, 16 April 2015 19:39:25  | 78.102.41.25 | CZ
Thu, 16 April 2015 19:39:25  | 78.102.41.25 | CZ
Thu, 16 April 2015 17:59:07  | 78.108.105.2 | CZ
Thu, 16 April 2015 07:42:43  | 188.75.128.42 | CZ
Thu, 16 April 2015 16:28:19  | 88.101.45.179 | CZ
Thu, 16 April 2015 16:28:21  | 88.101.45.179 | CZ
Thu, 16 April 2015 07:39:04  | 91.106.250.86 | CZ
Thu, 16 April 2015 07:39:04  | 91.106.250.86 | CZ
Thu, 16 April 2015 07:39:08  | 91.106.250.86 | CZ
Thu, 16 April 2015 07:39:38  | 91.106.250.86 | CZ
Thu, 16 April 2015 17:53:05  | 178.255.168.83 | CZ
Thu, 16 April 2015 17:53:05  | 178.255.168.83 | CZ
Thu, 16 April 2015 06:13:16  | 89.103.245.45 | CZ
Thu, 16 April 2015 16:26:43  | 88.101.45.179 | CZ
Thu, 16 April 2015 12:56:44  | 81.200.57.132 | CZ
Thu, 16 April 2015 17:53:06  | 178.255.168.83 | CZ
Thu, 16 April 2015 17:53:27  | 178.255.168.83 | CZ
Thu, 16 April 2015 07:25:04  | 88.102.153.82 | CZ
Thu, 16 April 2015 04:57:05  | 77.236.218.167 | CZ
Thu, 16 April 2015 04:57:23  | 78.108.105.2 | CZ
Thu, 16 April 2015 07:23:18  | 88.102.153.82 | CZ
Thu, 16 April 2015 05:46:12  | 94.112.41.3 | CZ
Thu, 16 April 2015 15:49:58  | 85.207.47.83 | CZ
Thu, 16 April 2015 03:59:28  | 94.229.87.21 | CZ
Thu, 16 April 2015 03:59:30  | 94.229.87.21 | CZ
Thu, 16 April 2015 03:59:32  | 94.229.87.21 | CZ
Thu, 16 April 2015 12:27:52  | 85.193.15.106 | CZ
Thu, 16 April 2015 12:26:35  | 85.193.15.106 | CZ
Thu, 16 April 2015 15:40:48  | 95.143.138.250 | CZ
Thu, 16 April 2015 17:13:09  | 46.13.123.174 | CZ
Thu, 16 April 2015 15:41:42  | 95.143.138.250 | CZ
Thu, 16 April 2015 12:58:32  | 81.200.57.132 | CZ
Thu, 16 April 2015 19:38:56  | 78.102.41.25 | CZ
Thu, 16 April 2015 19:38:56  | 78.102.41.25 | CZ
Thu, 16 April 2015 19:38:57  | 78.102.41.25 | CZ
Thu, 16 April 2015 17:48:07  | 109.105.49.28 | CZ
Thu, 16 April 2015 14:33:41  | 188.175.149.40 | CZ
Thu, 16 April 2015 19:51:58  | 85.93.163.78 | CZ
Thu, 16 April 2015 19:51:58  | 85.93.163.78 | CZ
Thu, 16 April 2015 05:47:07  | 94.112.41.3 | CZ
Thu, 16 April 2015 19:12:41  | 89.103.79.108 | CZ
Thu, 16 April 2015 11:03:57  | 94.112.41.3 | CZ
Thu, 16 April 2015 19:05:39  | 85.70.119.203 | CZ
